{"cameraMode":{"drawMode":0,"name":"Shaded","section":"Shading Mode"},"sceneLighting":true,"audioPlay":false,"sceneViewState":{"m_AlwaysRefresh":false,"showFog":true,"showSkybox":true,"showFlares":true,"showImageEffects":true,"showParticleSystems":true,"showVisualEffectGraphs":true,"m_FxEnabled":true},"in2DMode":false,"pivot":{"x":7.657810211181641,"y":50.3489875793457,"z":772.8472900390625},"rotation":{"x":0.011990153230726719,"y":0.014711257070302964,"z":0.00018008418555837125,"w":-0.9998319745063782},"size":314.683349609375,"orthographic":false}